-0.13740003,0.047945112,-0.054767393,-0.020313881,-0.14602856,0.018750845,0.09984728,-0.09560865,0.17403276,0.024198512
-0.20984262,-0.21595171,-0.035669837,0.17952833,0.59521735,0.0032277233,-0.060030464,0.08148785,-0.09430565,-0.246365
-0.23673502,0.02806587,-0.49769592,-0.19220947,-0.11353454,0.2464613,0.015430051,0.037041247,0.25912538,-0.4169136
-0.020305341,0.17486322,0.5931368,-0.2155315,-0.4916733,0.04438336,0.33498088,-0.11353478,-0.44306716,0.06991798
0.17944415,-0.04339794,0.13831908,0.057544228,0.04787869,-0.08551354,0.061734315,0.23025931,-0.09044534,0.035738725
-0.03847748,-0.5376641,-0.021917738,0.3569582,-0.07012969,-0.039875213,0.035661038,-0.03434205,0.0050776037,-0.20979616
-0.43066937,-0.03766271,-0.052680388,-0.043643627,-0.02986749,-0.10652897,-0.4260713,-0.029693088,0.07722828,0.10422671
-0.2430185,-0.10819632,0.01173898,-0.07801432,0.19687095,-0.0669651,-0.09840088,0.13558953,-0.046251103,0.25059044
0.17362112,0.02578899,-0.33249035,-0.11634328,0.097284175,-0.1199116,0.13453199,0.07222617,-0.17942281,-0.019164251
0.018431736,0.061851107,0.10751812,0.19136804,0.24960491,-0.004486487,0.21715714,0.011906297,0.112485506,0.081510484
0.1577207,0.07179739,0.065270886,0.10991413,0.10858753,-0.14319868,0.05141901,0.40664488,0.012801379,0.0222614
0.104314245,0.10540341,-0.20464121,-0.04508661,-0.2923869,0.10248168,-0.02708052,0.43351048,0.072408736,-0.03419106
-0.19825879,0.18449262,-0.23767959,-0.08105571,-0.15938434,-0.12255504,-0.01787987,-0.15118513,0.08621684,-0.09904285
-0.018146684,0.038887065,0.11834032,-0.04775594,-0.13982129,0.053506788,0.2983425,0.12009542,-0.13875443,-0.18804514
0.25666466,0.7730152,-0.23988952,-0.023444077,0.35788468,-0.08358519,-0.39415672,0.051063634,0.033739287,-0.37996602
0.03088888,-0.019801255,-0.02664536,0.09198686,-0.24237685,-0.03874226,-0.12765399,-0.0079795215,-0.38124257,-0.06870823
0.012327729,-0.052723657,-0.06864619,-0.35541552,-0.033772968,-0.28139424,-0.29238027,-0.35937354,-0.5109805,0.0151486965
0.07603764,-0.063533396,0.13324828,-0.14232633,-0.15018287,-0.12739813,0.20973596,0.12786944,-0.24144426,-0.40043637
-0.08778003,-0.02301683,-0.2566765,-0.120136596,-0.32144028,-0.115492605,0.24468894,0.4423587,-0.01606115,-0.16539063
0.06489233,0.10299217,0.16636717,1.122636,0.07042192,0.026811736,-0.11293312,-0.051544033,-0.31315383,-0.12060461
0.04064619,-0.006650494,-0.06936695,-0.65920246,0.28902474,-0.27637097,0.027576338,0.021724205,0.028941741,0.17918535
-0.24764906,-0.014703721,-0.030593624,-0.25023037,-0.32122034,0.100086376,-0.09805277,0.15060633,0.010159891,-0.15241553
-0.3011644,-0.1683969,-0.20746128,0.14436336,0.3042847,-0.0010937348,0.21005248,-0.32939062,0.026221251,1.2000853
0.014676925,-0.22197612,0.61595947,-0.02143655,0.30784205,0.23864211,0.4639659,0.06901403,-0.13749844,-0.4674895
0.17963095,-0.03702788,0.07908094,-0.6540479,0.2719483,0.09326376,0.105528675,0.23845415,-0.13279349,-0.14688516
0.09014125,0.16672482,-0.07757733,-0.08694167,-0.047987428,0.021567635,0.31932595,-0.08170309,0.0042375713,-0.12530506
-0.11312066,-0.065484434,-0.34591475,-0.19389766,-0.026070831,0.16187166,0.109319836,0.1901129,-0.04357925,-0.17992648
-0.0025489246,0.11461932,0.105514474,0.38284126,0.017778704,-0.22088373,0.21731894,0.13342835,-0.05568257,-0.07618617
0.0568483,-0.04489197,-0.31350887,0.32803434,-0.074180156,-0.57627404,-0.13956018,-0.10236702,-0.16462573,-0.26438266
0.11731989,-0.48720533,0.06285343,0.14569718,-0.09014167,0.13166729,0.08422082,0.45179728,-0.005708946,-0.2631181
0.23713271,-0.055752523,0.29100046,0.0036164003,0.123411715,0.19167933,-0.056092538,-0.051337313,0.08688956,0.119872324
-0.12059357,0.0021499342,-0.19004847,0.029719371,-0.108161055,0.006908844,-0.081626266,-0.025457643,0.003149129,-0.29430795
-0.09667558,-0.0566437,-0.1724491,0.1512897,0.2954277,-0.11664089,-0.07875839,0.013387339,0.1566477,-0.13641267
-0.36446354,0.7131083,0.0017210613,-0.015373845,-0.2405671,-0.09749984,-0.021689415,-0.031735115,-0.103478946,-0.18348771
-0.04162292,-0.0838885,-0.044690575,0.010435797,-0.37020984,-0.2014216,-0.13011791,-0.28770953,0.06606046,0.04621607
-0.020978509,-0.55179214,-0.013888612,0.0039826673,0.1584838,0.11736597,-0.111244984,-0.2673463,0.23481368,-0.095304914
0.19207214,-0.16839248,-0.22662304,-0.0385964,-0.014388885,-0.35896653,0.17063494,0.033645846,0.21320282,-0.020389333
-0.4550997,0.65053236,-0.07351779,-0.059875697,-0.005226068,-0.078867115,0.11929848,1.2861186,-0.08490636,0.034584105
-0.2616694,0.43014023,0.1355164,-0.043452792,0.20721224,-0.11842777,-0.1384471,0.23827527,-0.05130285,-0.0012824842
-0.29070503,-0.15356773,-0.03762504,0.09154137,-0.08281503,0.07304602,0.057785224,0.14204162,0.09507858,0.086191386
-0.067783296,0.13889691,0.09011973,-0.020446917,0.116763555,0.10770219,-0.053623125,-0.1269156,0.21985567,-0.29269177
0.16385521,-0.017978009,-0.08980871,-0.049730822,-0.030382024,0.25747645,-0.12322603,-0.31043005,0.04424001,0.0585476
-0.137512,0.21577302,-0.070657335,-0.039466534,0.022992816,0.04801412,-0.07103957,0.26520893,-0.25331232,-0.08644975
-0.49370548,-0.22512136,-0.21625659,1.1548247,0.05830071,-0.103807904,-0.07691267,0.07575548,0.010130622,-0.18748717
-0.12934722,-0.039624132,0.038251877,0.01865534,0.20978248,0.16055155,-0.11134969,0.21841061,-0.053966768,0.002233548
0.13995291,-0.03672119,-0.024706198,0.06656358,0.030494442,-0.26320985,-0.19832955,0.1924612,-0.11029456,0.1339297
-0.030276384,-0.07021507,-0.037979145,-0.005596899,-0.22621743,-0.027425291,-0.104455665,0.017155005,-0.15851808,-0.08142949
-0.11817033,0.05398402,-0.043159693,-0.019437034,0.0297966,-0.045695797,-0.18174742,-0.022059472,-0.106597625,0.12552299
0.042065907,0.26330432,0.09202634,-0.09957889,-0.34268755,0.064906426,0.09424421,0.07316234,-0.36302853,-0.19148403
-0.053961877,0.048031967,0.007453735,-0.2387591,0.48148948,-0.012777937,0.044052,0.24696593,0.15920307,-0.033280894
-0.01686975,-0.045082234,0.22078632,0.11853866,-0.4517041,0.3028986,-0.2620704,-0.0910192,-0.21756002,0.11569764
-0.055208553,-0.05213022,-0.14611974,-0.03001134,0.04666917,-0.21849442,0.01902755,-0.002629216,-0.56245315,-0.0467214
-0.14170994,0.1741893,0.22219607,0.016883675,-0.0050620562,-0.10461849,-0.14838883,-0.149256,0.27199197,0.12286047
0.12468651,-0.30121288,0.124519505,-0.25099936,0.20407774,0.0425033,0.076674305,-0.06602046,0.34364632,0.22428954
-0.07606604,0.4740714,-0.0116644725,0.06529106,0.37476942,0.32319352,-0.0845187,0.10041765,0.26343372,0.049337134
0.04863561,0.038525485,0.14604396,0.08409561,-0.08783353,-0.16567384,0.05046461,-0.11327641,-0.02298325,0.044767156
-0.008549196,-0.09545562,0.16151276,-0.09457835,-0.05096179,0.3218353,0.27096462,0.1623316,-0.17949337,0.043339804
-0.17535365,-0.35804632,-0.21799251,0.17460246,-0.006784154,-0.02631437,-0.102469675,0.06769774,-0.008747186,-0.12401551
0.016096693,-0.2029125,0.030312149,0.07335783,-0.026559971,0.04935845,-0.023483193,-0.16090664,-0.2634386,0.10625707
0.003658397,-0.032843713,0.017594414,0.017549083,-0.058102205,0.2978338,0.012458961,0.15749529,0.20958795,0.21439798
-0.028436989,-0.17045379,0.19248971,0.026772982,0.07393188,-0.010046672,0.10482584,0.03612707,-0.11357515,-0.044060357
-0.1896851,0.44679734,0.16610698,-0.19896138,0.10897463,-0.07942795,0.013347725,-0.37404674,-0.10795778,-0.024575869
0.5396854,-0.13282162,-0.124978036,0.04035519,0.03098863,0.08886273,-0.41067845,0.8129419,0.0118639935,0.16294608
-0.1575818,0.14040591,-0.40756255,0.034832463,-0.060437985,0.068545125,-0.1692341,-0.10045061,0.0047195526,-0.1775751
-0.015010372,-0.20914674,0.14231439,-0.072809204,0.14266765,-0.18405475,-0.59847903,-0.031742457,0.19595815,0.0044476916
0.09006847,-0.12871164,-0.04224186,0.23570429,-0.07704189,-0.058567807,0.11831508,0.117885776,-0.1839706,-0.012485277
-0.06094191,0.10700815,0.21896535,0.08853135,-0.05172202,-0.06616365,-0.05545809,-0.09989575,-0.022522684,-0.036370944
0.06561826,0.04239702,0.07798886,0.1263942,0.041993607,-0.13279255,0.092607096,0.052066006,-0.054111004,0.20596151
-0.17691891,0.021697614,-0.24102293,0.9253872,0.1224791,-0.22524534,-0.20992768,0.060389947,-0.15127902,0.029194193
0.07182408,-0.30318066,-0.24867965,0.093214706,0.036505476,0.22771025,-0.0002223157,0.33085525,-0.04556019,-0.16122983
-0.0663374,0.10405025,0.27619675,0.14735968,-0.122592844,0.05466136,0.21442273,0.07569447,-0.054795653,-0.17410815
0.02147097,-0.15413763,-0.016129669,0.038707573,0.10094899,-0.016833466,-0.032014932,-0.006884636,0.22794951,0.069175325
0.17210586,-0.20196421,0.11909147,-0.3537199,-0.35185474,-0.108454056,0.04998061,-0.07369529,-0.05763175,-0.04214473
0.09494815,0.033905093,0.0875662,-0.14358294,-0.14015579,-0.024453748,-0.7001716,0.035188947,-0.01054114,0.12961918
0.2994701,-0.28168005,0.022416338,0.17244345,0.077884205,0.045488864,0.03268827,0.28902003,-0.10120165,0.14717981
0.017310912,0.64338195,0.17967421,0.05655078,-0.073904164,0.1537895,0.6281995,-0.4584447,-0.020618528,-0.054303795
0.0014542044,0.08213685,0.23375876,-0.2178553,0.0088427095,-0.096389174,0.17186126,-0.09762153,0.14295161,0.033845328
-0.30868167,0.14043538,-0.46098155,-0.0043174443,0.04505774,0.053088754,-0.059293024,-0.045661494,-0.18382399,0.10920893
0.06567365,-0.19227898,-0.29881507,-0.16272268,0.020177545,-0.51547056,0.33419016,0.4928954,0.8025563,-0.051412918
0.099466555,0.14311855,0.10761132,-0.16779333,0.59001815,0.3284495,0.06388667,0.11555772,-0.16250162,-0.014122894
-0.094281554,-0.24197268,-0.2510342,0.5851607,-0.008801336,0.17552137,-0.25754723,-0.024073374,0.2007753,-0.052190986
0.11944668,-0.029594524,-0.15804234,-0.03573658,0.19412096,-0.1313439,-0.07141812,-0.03153063,0.07858688,0.6881017
0.23370734,0.018422771,-0.02190798,-0.3989463,-0.07988677,-0.10069671,0.31255582,-0.026057415,0.17278011,0.23261984
0.18454576,0.05228101,-0.46558428,-0.047022473,-0.048923194,0.03524689,0.051628426,0.009335565,-0.27430257,-0.3399752
0.33278188,0.24648088,-0.081925556,-0.2854606,0.16762039,0.059664354,-0.20630819,-0.3210679,0.07760052,-0.30186078
0.22260009,-0.37358016,0.08190079,0.24032508,-0.006091691,-0.077231064,0.104521744,0.18828858,-0.117290534,-0.013277054
0.0967061,-0.09275656,-0.01373637,-1.2878495,-0.037160993,0.43825433,-0.24831977,-0.40007025,0.040656645,0.27823016
0.12740329,0.12287074,-0.08437158,0.055570167,0.043972388,-0.14205985,0.14813928,-0.34352544,-0.00971306,0.1512532
0.022504846,0.18024354,0.012247657,0.014008196,0.056524266,-0.006004142,-0.048292905,0.041135643,0.29243243,0.13041018
-0.043601137,0.15071101,0.067783654,-0.058026727,-0.14790092,-0.10717335,0.059938632,0.04713498,-0.01493013,0.19396363
-0.034168553,0.17307444,-0.036771227,0.1963905,-0.009150019,-0.23823568,-0.13242903,0.058951326,0.25764808,-0.18117553
-0.16844678,-0.17705795,-0.09124522,0.10367519,0.07513445,-0.05605437,-0.416001,0.175176,0.11719793,-0.2676976
-0.08742715,-0.24741714,-0.079847366,-0.07233435,0.20740357,0.26302248,-0.027088812,-0.2134899,0.20062238,0.13030747
0.14214264,0.057465043,-0.017045746,-0.04466043,-0.08009088,-0.07906001,-0.05242055,-0.126225,0.106725186,0.8702658
0.12478334,-0.05119506,0.2565283,0.12761772,-0.009134853,-0.009678063,-0.105551824,0.04310775,-0.3934779,0.13163303
-0.13737798,0.051336475,0.1305319,-0.020258978,-0.059776686,-0.0884522,0.10250089,-0.030601138,-0.29211977,0.20712431
0.65133286,-0.19285683,0.3897152,0.1294545,0.24289379,-0.6692372,0.02963526,-0.20838512,-0.11199776,-0.064237915
0.28699845,0.10468223,-0.12745465,-0.14101039,-0.13047713,0.22604574,0.10865906,-0.08573674,0.047978394,-0.16012149
0.10649926,-0.08786415,-0.2982256,0.072255194,-0.09500137,0.2258867,0.047966845,0.09770967,0.004436053,-0.08448868
-0.019808663,-0.31019074,-0.08145548,0.26455018,0.15974742,0.05536372,0.023893887,-0.1507141,-0.28767404,-0.20703283
0.2671969,0.03170211,-0.0064753266,-0.13442408,-0.030338768,0.15186276,-0.127155,-0.21910027,-0.03578071,-0.103013344
0.016246013,-0.0021219654,-0.5816063,0.0069868336,0.3208859,-0.17532663,0.6944274,0.13178119,0.034116417,0.042955067
-0.0053951293,0.08242328,-0.3241076,-0.26186264,0.12144218,-0.6001518,0.14514932,-0.0776082,-0.07234454,-0.023470497
-0.010418759,0.0029667814,0.18572465,0.13130681,-0.009432992,0.09217748,0.3151158,-0.16633493,0.021017088,-0.09635254
0.24824984,0.08347215,0.01354569,-0.07744879,-0.06132141,-0.043691367,0.06894162,0.05346294,-0.1680514,0.30190614
0.14872238,-0.04156359,-0.008201428,-0.095115066,0.100961566,-0.0017811272,0.049683914,0.15244333,-0.72981864,0.22726922
0.5681165,-0.059466034,-0.25559163,-0.14630806,-0.13786086,-0.1279873,-0.18592955,0.15731613,-0.32492292,-0.06874556
-0.12580436,0.10657739,0.10547467,-0.06599133,-0.052242465,0.8652362,0.024927383,0.032527726,0.06611807,-0.014115958
0.09428117,-0.739978,0.10260265,0.08253806,0.08707382,-0.056845292,0.0693894,0.17347112,-0.18177964,0.023969168
0.006597135,-0.21239461,0.49187878,0.18182404,0.0012170157,0.14965129,-0.055600394,0.06443914,0.039696034,-0.3044
0.15928821,0.18105404,-0.03828446,-0.13193108,-0.060551055,-0.026900152,0.020633161,0.03320251,-0.16350402,0.07448211
0.0826957,0.06811455,-0.008622348,-0.02378011,0.112593144,-0.26570246,0.1837041,0.20348866,0.52102983,0.05103876
0.27472422,-0.19359064,0.047570057,-0.11041394,-0.114276044,-0.0531572,-0.041392975,-0.31193057,-0.03809427,-0.06126326
0.4705329,-0.25782374,-0.08859416,-0.03225601,-0.02179591,-0.14622214,0.26340485,0.11494317,-0.015263917,0.44423792
0.22038205,0.08911755,0.1347001,-0.11988786,-0.16919996,0.2168281,-0.08517699,0.045432694,0.1688707,-0.10487708
0.55168456,0.10379689,-0.12784415,1.0461208,-0.042031687,-0.11227744,0.061634965,0.039560292,-0.08987213,-0.30266184
0.02722886,0.027945057,0.24568884,-0.16591485,0.020040946,-0.23339942,-0.11940832,0.12462567,-0.0299,0.054000314
-0.114709854,0.05672103,-0.14392045,-0.23531178,-0.008738874,0.06665021,-0.1779265,-0.14641704,0.1897103,0.020224776
0.16413163,-0.087251894,0.17175283,0.28174546,0.19708948,0.09133069,-0.10206163,0.1955843,-0.49253815,0.004176742
-0.42513466,-0.41934258,0.09039221,-0.04857626,-0.14749032,0.13782407,-0.039008267,0.012390726,-0.056457132,-0.43318623
0.01795311,-0.15354751,-0.09644586,-0.026609425,0.08630605,-0.30049893,0.054104272,-0.40952173,-0.29704642,0.087940454
0.13092642,-0.026817322,0.035984196,0.1212177,-0.64820355,0.046608407,0.17561762,-0.18123329,-0.078415096,-0.079412654
-0.41353032,-0.17051491,0.08804329,-0.061598238,-0.08651488,-0.17432003,0.57514507,0.14712949,0.52742684,0.0012051616
-0.07065818,0.11977174,0.07788623,0.3646571,0.016249333,-0.056804687,0.0063254456,-0.1202309,0.01197638,0.15814878
-0.016459636,-0.026898159,-0.17399617,-0.16841571,-0.20322245,-0.5231417,-0.1155325,-0.043998566,-0.017749129,0.086519755
-0.13793796,-0.25791863,0.26521602,0.06952649,-0.12969646,0.0031730656,0.026827956,-0.052082624,-0.17055382,-0.14432368
0.013958236,0.11536657,0.03164493,0.072824314,0.2572266,0.065028876,-0.071617275,0.12748109,-0.11072277,-0.07621316
0.019281687,0.040961817,0.09483959,-0.009847556,-0.07979917,-0.10392987,0.123286396,-0.11723066,0.055138275,-0.27768335
0.076250665,0.13343842,-0.14739004,-0.5798383,-0.011982979,-0.12618682,0.38055772,-0.015867963,-0.19697687,-0.55368704
0.023982147,-0.14590338,0.38723475,-0.07784238,0.13203871,-0.03577517,-0.062133707,0.32949734,0.053360607,-0.03253278
0.30574688,-0.11723361,0.27022982,-0.14413804,-0.054324728,0.0014188574,0.004216379,0.5672364,-0.12956126,-0.03371794
0.15147205,-0.19108158,0.28139362,0.21234421,0.06441814,0.19754456,0.287448,0.046130616,-0.16588339,0.1316284
-0.026406702,0.6140889,0.0876206,0.10190704,-0.024553461,-0.21734779,0.11885292,-0.17327407,0.23876597,-0.44945064
0.063095406,-0.083770216,-0.67927426,-0.036068257,0.09167855,0.18375747,-0.08850157,-0.06946815,-0.07189333,-0.23093528
-0.3093696,-0.059732717,0.18868229,0.30152363,-0.027716307,0.041040413,0.16600914,-0.17517379,0.117386095,0.013904885
0.026219651,-0.045172263,0.087109864,-0.048341163,0.06046051,0.012423492,-0.13917482,0.18867661,0.015955776,-0.26329216
0.13728797,0.13287213,0.07978521,0.02220545,0.12393595,0.27638957,0.061088003,-0.17257693,0.26323038,-0.18661962
-0.110396676,0.052291177,0.029180313,0.45442623,0.08608212,-0.0838307,-0.14831534,-0.11360022,-0.10658626,-0.0974953
-0.20336032,0.11800428,-0.2549343,0.091591805,0.054292433,-0.0016772096,0.33690253,-0.1953836,-0.05134873,-0.097701296
0.2372025,0.03717796,-0.2395197,-0.9330657,-0.028873978,-0.009550109,-0.29738835,0.093616284,-0.013938723,-0.09378164
0.38757288,0.14310504,-0.20198977,0.001121017,-0.026592644,-0.26814646,-0.0778755,-0.070995875,0.045114648,0.3175444
0.03932322,0.019690493,0.15430823,-0.17803882,0.14123777,-0.018601947,-0.10896023,-0.015266527,0.06593287,-0.014265159
0.60075504,-0.1672875,-0.34754312,-0.23806858,0.0017580476,0.2690243,-0.10859119,-0.12742978,-0.72369266,0.018346924
-0.17303737,-0.14050886,0.022520741,-0.667101,0.029494561,-0.022860827,-0.024285857,-0.06988479,0.17035554,-0.23119289
-0.0067820824,-0.2575714,0.15332995,-0.071629144,-0.007863837,0.21681269,-0.013625622,-0.1973207,-0.03901993,0.35862216
-0.1561759,0.20234711,-0.17110808,-0.03765602,0.18075341,-0.09912927,-0.20088424,0.24579217,-0.042898018,0.021183258
-0.6580491,0.16138706,-0.052299947,0.05168439,-0.31463698,0.04800694,-0.4409087,-0.09070532,-0.22448044,0.077197656
0.22146851,-0.03734175,0.09386266,0.3718623,-0.032569893,-0.33399555,-0.019579321,-0.021727653,-0.12904784,0.25972298
-0.38974515,-0.11218802,-0.10284699,0.024758143,-0.0034396565,0.32112208,0.29229206,-0.051728208,0.00095510285,-0.23522753
0.14819933,-0.25136167,-0.10667257,-0.062618285,-0.070834376,-0.0034253378,-0.22105846,-0.12020106,-0.28383988,-0.045257695
0.3225791,-0.14040494,0.14885975,0.06933288,-0.1817245,-0.45210728,0.16063035,-0.026128113,-0.04541435,-0.3127051
0.030086465,0.16864136,0.053018942,-0.046560336,0.10914043,-0.0853511,-0.12835014,0.07346818,-0.077135704,-0.24405085
0.07581013,0.083874084,-0.38939118,0.044532254,0.024480812,0.11282723,0.07700657,0.4730108,-0.07343841,0.4699517
0.020566432,0.6211502,0.013144877,0.19535111,-0.083187215,0.30970412,0.14639719,-0.008426925,0.3398441,0.1914445
0.1689485,0.12778847,-0.054988027,0.053270284,-0.40779358,-0.020807821,-0.2882969,-0.11640638,-0.019150538,0.22691846
-0.048736252,0.108453326,0.06287917,0.06856791,-0.12517734,0.10529015,0.056411296,-0.089289114,-0.21012956,0.1810394
0.16846018,0.24627471,-0.01791464,0.0030626454,0.029074263,0.0011109428,0.07641523,-0.016913839,0.31160998,0.087331094
0.30318177,0.11237868,-0.16967507,0.3332446,0.012497298,-0.1299923,-0.1868063,-0.17382802,0.02208692,0.08283643
-0.23992226,-0.24708425,-0.24921373,0.33676893,-0.07073984,0.11150836,-0.08770349,0.065271065,-0.10951609,-0.09291459
0.057241336,-0.02107505,-0.16270117,0.068485826,0.19972469,-0.09247109,0.084561676,0.38020343,-0.2795737,0.2976077
0.024051806,0.18389086,-0.1450938,-0.2424246,-0.011929671,0.070753,0.114036575,0.18060057,-0.006202355,-0.2640329
-0.047746208,0.559236,-0.15938616,0.11057814,0.23998208,-0.13947234,0.016948912,-0.04844821,-0.01958454,-0.3144317
0.069130264,0.0051189717,0.050028272,-0.2267818,0.085911706,-0.15320207,-0.028909262,-0.01462325,-0.08738262,0.103760585
0.07893851,-0.18596837,0.026644584,0.14593424,-0.027990287,0.094907686,-0.10421218,-0.220069,0.06308592,-0.1969771
-0.048492882,0.09181294,-0.38195667,-0.25069726,-0.036583778,0.28159854,-0.26985016,-0.12307987,0.07058564,0.005338831
0.1644094,-0.14376405,-0.11359466,-0.11525029,-0.07636166,-0.12327616,0.11291251,-0.08833168,-0.120032765,0.0811193
-0.02656008,-0.3823423,0.106814764,-0.64322776,0.0025185545,0.19450276,0.51233983,-0.033136945,-0.052421782,0.12779975
-0.040912695,-0.44234455,0.20738111,0.32735398,0.08248453,0.23378012,-0.4313927,-0.037797578,-0.07324851,-0.098669484
0.11185974,0.040085655,-0.26903427,-0.2316482,-0.34086177,0.085148655,0.081881456,-0.017363492,0.29863846,0.26063442
0.0046857824,-0.057960346,-0.16602287,-0.0746051,0.20300376,0.17705582,0.13661242,-0.21242107,-0.045837715,-0.23913972
-0.62831575,0.055984322,0.20574921,0.04703342,0.17404684,-0.27039093,0.3954375,-0.105213806,0.06488352,0.037910197
-0.1702712,0.123435505,0.0602222,0.03166712,0.040757827,-0.06070717,0.28114238,-0.17636631,0.0948361,0.31064346
0.48329404,-0.14675686,0.11682485,0.057648998,0.04158584,0.10248447,0.047838055,0.55032307,0.019334236,-0.4570961
0.022985421,0.10136632,0.04499082,0.03630532,-0.12866323,-0.14621602,-0.043855038,-0.14602152,-0.17822038,0.10426668
-0.101400614,0.044247683,0.0001335299,0.09054196,-0.11099517,-0.037300263,0.15893199,0.37945947,-0.20211463,-0.21703911
-0.48451123,0.14931713,-0.16867676,0.14203432,0.035644237,-0.20975943,0.13459693,-0.039757397,0.1232322,0.26863775
-0.043809414,0.06439974,-0.018231053,-0.19202833,0.06448303,-0.0936641,0.1822831,0.039607953,-0.05515156,-0.33794165
0.035717733,0.48705095,-0.35824928,0.08306954,0.5881673,0.25215706,0.023681264,-0.05943277,-0.36019674,0.020909233
-0.14546604,0.19409308,-0.22419326,0.14643773,0.2215186,0.0919591,-0.1202392,0.14967616,0.3500281,-0.47484213
-0.25322664,-0.14173478,-0.08923391,0.24874432,-0.096602365,-0.19254501,0.008285558,0.10944865,-0.097865574,-0.25565428
0.05653628,-0.15244259,0.061713655,0.19701268,0.09787541,0.1107638,-0.028288145,0.017133623,0.088522464,0.2281993
0.08713987,-0.012604206,-0.2859271,0.04841975,0.17011334,0.03731605,-0.14163835,-0.048285607,-0.035140403,-0.10692424
-0.35360172,0.15130597,0.67789525,0.0828869,-0.22078545,0.07139631,0.012159461,0.029522957,-0.054559596,-0.010277896
0.033409003,-0.08141969,0.105908535,-0.12433883,0.035510696,0.47558206,0.12431037,0.07248106,0.0114012435,-0.15839374
-0.09190119,0.585407,-0.10227912,-0.3397428,-0.027582087,0.03273018,-0.0879559,0.027019994,0.06560195,0.014973597
0.01303443,-0.1101196,-0.04739028,-0.061952613,-0.22473322,0.11895396,-0.2161049,0.019316517,0.29745644,0.19559114
-0.10193811,-0.13899022,0.23505795,0.10239339,0.11712552,0.3615051,0.09710704,0.012192695,0.058161937,0.19819078
-0.002602134,0.30521452,-0.26167613,-0.23738061,-0.46839264,-0.032018416,0.3612065,-0.10405997,-0.106700785,0.04985963
0.1560408,-0.09458421,0.170842,0.05158442,0.06973853,0.07728627,-0.28006956,-0.47295734,-0.284096,-0.3342
0.019988839,-0.6640461,0.21673205,0.06849093,-0.2410911,-0.09226775,0.3624237,0.016402487,0.15173347,-0.13718648
-0.17683892,0.18885535,0.0064954893,0.052210294,0.17784238,-0.04895156,0.016691819,0.026728503,-0.40873596,-0.16115391
0.043524988,0.038168333,-0.003065937,0.23043261,-0.15211718,0.33187807,0.20683928,0.03661129,-0.1954404,0.038888432
-0.123119205,-0.10922621,0.05101721,0.5481385,-0.06028643,-0.07100194,0.090177946,-0.10457257,-0.089448966,0.04585619
0.030854054,-0.01955684,0.019894924,-0.010346518,-0.07891541,-0.0017818586,-0.03173443,-0.25837287,-0.14902076,0.3575064
-0.020964667,0.09816913,-0.0023548594,0.1438097,0.14565586,-0.24573164,0.025371818,-0.16160162,0.06673719,0.1597117
0.102730535,-0.18436703,0.009844381,0.14337538,-0.012528326,0.22324155,0.12028719,0.12980063,-0.1581084,0.11113039
-0.20325968,0.097533956,-0.011500575,-0.25546998,0.038383823,-0.25173333,0.5662822,0.27799162,-0.13984779,-0.044416156
-0.004000051,-0.020018293,-0.1421387,-0.2541446,-0.1578911,-0.4306303,-0.120325506,0.21193811,-0.16256358,0.1117059
0.057747766,0.13560711,0.17869115,-0.019533588,-0.07264949,-0.2045052,0.13327439,0.052950565,-0.04368614,0.17865442
0.044102725,0.312388,-0.057373818,0.07825399,0.29500115,0.25151673,0.40709063,0.08654156,0.16661403,0.11498079
0.06344866,0.3171238,-0.00119836,-0.31281212,-0.087438315,-0.15594047,0.12811983,-0.0822279,0.04886479,0.14766534
0.3929363,0.072338924,-0.18017387,0.109482326,0.0051101237,-0.18610716,0.050991926,-0.010429404,-0.04211883,-0.06655788
0.252881,-0.078734264,0.12934363,0.0013813081,0.11829135,-0.11757067,-0.45230156,0.09179517,0.23957253,-0.20086691
0.20740196,0.019358879,0.029965954,-0.113515876,0.02500552,-0.018584369,-0.03290541,0.35592657,0.037487824,-0.29890582
-0.013313262,0.088317655,-0.14280675,0.20910412,-0.25293103,-0.04818947,-0.2132881,-0.16100639,0.08479912,-0.096992135
0.002183075,-0.32663098,0.13007414,0.4882572,-0.03231504,-0.283977,0.22061524,0.05102409,0.048873212,-0.4296883
0.051165923,-0.24472803,-0.036434397,-0.05916746,-0.10212823,-0.0060743727,-0.036883205,0.064072385,-0.84832627,-0.1131596
0.04736218,0.29673383,0.0313546,0.60773575,0.060274016,-0.20591787,-0.047182962,0.020654323,0.079751566,0.20779757
0.03655301,-0.1774773,0.14421315,-0.081236005,0.08103236,0.19902074,-0.062294163,-0.19806883,0.09996247,-0.05351667
0.05377818,0.1076072,-0.062465098,0.008507317,0.20647608,-0.07803546,0.13886549,-0.28075132,0.35402337,-0.060724203
0.013813359,-0.2138793,-0.18522589,-0.33801928,-0.062287267,-0.24679777,-0.07175265,-0.34426254,0.4163012,-0.07478453
-0.14394906,-0.006374679,0.13768528,-0.19831383,0.043106798,0.09829947,-0.12889479,-0.40677723,0.17118768,-0.01567136
-0.12025628,0.097102955,-0.19529377,-0.04183657,0.082951285,0.10609221,0.06255863,-0.06635805,0.15565993,0.14079417
-0.077483706,0.18691933,0.0893454,-0.36925262,0.24390744,0.22387639,-0.040768158,-0.21526447,-0.23159714,-0.06283788
-0.008297065,-0.16941573,-0.057142705,0.08375562,0.0035805241,-0.274938,0.114757456,0.16670191,0.09996065,0.09502378
-0.7623803,0.22579786,0.07821919,-0.113658674,0.054362223,0.06433012,0.46900806,0.2748449,0.021886747,-0.18948309
-0.1498691,-0.12702861,0.012666575,0.43076628,0.27398458,0.03924514,0.053563405,0.29668367,0.533568,0.2522432
-0.11239405,0.303312,-0.04544858,0.2564806,0.09654527,-0.064544305,0.31565335,-0.36724308,0.04603329,0.043982454
0.048570324,0.1809327,0.49864602,-0.04673809,0.19792788,0.24861848,-0.11170405,-0.10027743,-0.40491828,-0.070894614
-0.213254,-0.056531556,-0.122891456,0.06000407,-0.027951809,0.028945023,0.0033587017,-0.31981546,-0.08510283,-0.24603195
0.19205214,0.042199705,-0.12163896,-0.10519415,-0.078577206,-0.14664151,0.15453027,0.081716545,-0.36488682,0.06548202
-0.057300024,0.06426195,0.015074882,-0.22364601,-0.013039824,0.14430256,-0.39701447,-0.010788351,-0.12250405,-0.016724221
0.1061917,-0.0035670828,0.08555993,0.27501437,-0.085479714,-0.047105126,0.05242582,0.014344632,-0.20983648,0.27241302
-0.057607528,0.32209998,0.017845223,0.025143474,-0.18610848,0.46481872,0.6868576,-0.037191477,0.39942533,-0.028966917
0.32276398,0.29600877,-0.16290173,-0.043873288,0.25176322,-0.19501652,0.068583265,-0.2887159,0.025801118,0.06568291
-0.19965473,0.08908735,-0.1147773,-0.056875084,0.20665997,-0.14551677,-0.08303208,-0.012675651,0.29345384,-0.15120362
-0.015336003,-0.012010766,0.13891535,0.20744942,0.09839944,-0.097538665,-0.07194765,0.58234787,0.41543907,0.009614217
0.014371245,-0.018771447,0.13492385,-0.20867732,-0.049015522,-0.1019718,-0.14721285,-0.047717206,-0.044618726,0.085094616
0.045504324,0.07451244,0.080545925,0.35764915,-0.31462178,0.17939728,0.18064207,0.007657422,0.16482377,-0.20428395
0.123105675,-0.18607274,0.09375304,0.20067647,-0.08720992,-0.18973345,0.19595271,0.04669851,0.25980002,0.1062791
-0.025848597,0.17460932,0.01844892,0.047809564,0.12317943,-0.12816031,-0.056332126,0.22112758,0.18381573,-0.06852444
-0.4776387,0.12355159,-0.16186982,-0.13519786,-0.45386007,0.11124415,0.039999418,0.1043822,-0.08998382,0.069876574
-0.2441146,-0.045759484,0.09111777,-0.035647783,0.056237098,-0.34778324,-0.14151834,-0.25392336,-0.013508818,-0.15289709
0.08722274,0.32942724,-0.20606385,-0.03723097,-0.21142898,0.2343431,0.08908267,0.05060848,-0.27715692,-0.19992317
-0.05144614,0.5070048,0.12378731,0.13685817,0.05751575,-0.32310125,0.23320584,0.061083954,0.053536605,-0.010630017
-0.29508543,0.040714283,-0.1840581,0.21228507,0.27755052,0.18518527,0.020589165,0.18630978,-0.069337636,0.13437757
0.10535875,0.06833394,0.008494437,0.30715057,0.16629834,-0.092722006,-0.3032195,-0.16053402,0.0155200595,-0.0029632098
0.12544471,0.6446059,0.24530108,0.21928808,0.09499488,0.20035751,-0.15598798,0.31676316,-0.1664873,-0.26117417
-0.051580183,-0.041523773,-0.084245846,0.025856378,0.06906815,0.06285757,-0.20098388,0.021514883,0.07293738,0.13243254
-0.25013632,0.047719844,0.06328219,-0.07060782,-0.059119944,-0.08135481,0.45323896,-0.20901589,-0.22086735,-0.32857868
-0.03642917,-0.05435038,0.046201043,0.17933197,0.051881745,0.056078665,-0.35764247,0.074801065,-0.10801903,0.34594038
-0.035220064,-0.06945129,-0.03786564,0.23530844,-0.11480236,0.18335325,0.13395871,0.04873749,-0.08774068,0.06122281
0.11981392,0.1387953,-0.1699734,-0.029329814,-0.89549845,0.36436448,-0.16183703,-0.039260954,-0.005765265,0.24940528
-0.004634386,-0.06610523,-0.032192476,-0.10981039,-0.10759384,0.111232825,0.11029218,-0.1276478,-0.107736915,0.35181043
0.08518811,-0.049853813,-0.12248049,0.008838078,-0.27049437,-0.0769572,-0.2704321,0.42902634,0.077677526,-0.027951978
-0.09878637,0.20934863,-0.1023803,-0.028996255,-0.3188694,-0.007517914,-0.2511898,-0.0033629285,0.38249475,0.059245277
-0.18794243,0.06924206,0.090827316,0.27675754,0.008878852,0.14039794,0.563298,-0.036762327,0.01864339,-0.030831313
0.22186211,0.05948332,-0.0045988746,-0.091688655,0.053331695,0.13538423,0.09387788,-0.08367668,-0.06747462,-0.023398424
-0.38958517,0.3015367,-0.032553278,0.3587908,0.25384864,0.14421344,-0.052667074,0.14676465,-0.1112131,-0.1200778
-0.008493496,0.34223005,-0.046558008,0.035477143,0.13070703,-0.0077850255,0.2154046,0.12164357,0.17439564,0.18765216
-0.08944881,0.0020339878,-0.10732997,0.12587456,0.13097952,0.0337644,0.10691599,-0.046108972,0.03501324,-0.1888625
0.07079847,0.041802514,-0.101867646,0.22478509,-0.030004036,-0.11296848,0.22809353,0.0665775,-0.04648943,0.2548876
-0.0068009677,0.3152361,0.12354794,0.3740805,-0.4084897,0.08527456,0.00074428244,-0.09211928,0.08613181,0.06048263
0.11350373,-0.09983681,0.11169959,-0.11375073,0.41512507,-0.017874453,-0.46389312,0.36940527,0.10101693,0.15096629
0.5169146,0.16060977,-0.0146646695,-0.05462223,0.097848065,0.16311635,-0.19554114,-0.030128557,0.053944618,0.015158729
0.0789671,-0.13660017,0.06918079,-0.11730452,-0.19957905,-0.19765103,0.055365607,-0.24444231,-0.09131801,-0.13517864
-0.06751767,-0.059085675,-0.16580527,-0.13502325,-0.23762278,-0.09221239,-0.11209323,0.13231435,0.6225206,0.09219276
0.45784488,0.41603398,0.09049669,0.052440897,0.15534882,-0.11740631,0.02977953,0.09539904,-0.090333104,0.19524679
-0.08833653,0.035374727,-0.14212985,0.21966152,-0.20924449,0.0845385,-1.246644,0.10289665,-0.16630626,0.026719416
0.18759923,0.21607502,0.18121566,0.13631822,0.12781928,-0.11036326,0.1777719,-0.107698925,-0.05451952,0.11242348
0.24791142,-0.17310971,-0.58653766,-0.14457853,-0.006838773,0.40168777,0.052367162,-0.2159577,-0.24503814,-0.0319731
0.08473959,-0.15763122,-0.18472387,0.07166153,-0.30434665,-0.10106359,0.10840035,-0.058116812,0.105923146,-0.1532746
0.056437444,0.17250611,0.015017322,-0.16976184,0.123004675,0.11464041,-0.3625098,0.13452087,-0.1327596,-0.052133467
0.09964467,-0.113650955,-0.0028495858,-0.053001102,-0.04664116,-0.2764248,-0.40180203,-0.16533491,0.009726806,-0.0017245341
-0.11850877,-0.05828097,0.025485748,-0.24217463,0.051936742,0.04889272,0.114231884,-0.08677659,-0.14463745,-0.16623496
-0.051964767,-0.074648,-0.13896318,-0.035178628,-0.0967411,-0.1552681,0.17924762,0.15166682,0.09544047,0.0014700582
0.08974563,-0.015134608,-0.2777886,0.0821614,-0.05182432,0.22696544,0.18527836,-0.01899737,0.7425332,0.038357552
-0.06250239,-0.0862051,-0.35317287,-0.023967912,0.2535154,-0.15758952,-0.22233954,-0.07151592,0.22598387,0.31385916
-0.09229736,0.15069683,-0.027374098,-0.16478287,-0.18427746,0.26988593,-0.10227662,0.045459773,-0.016501242,-0.039669752
-0.18138237,0.046645995,-0.22448646,-0.23734169,0.048519645,0.015547569,0.08183357,0.11371852,0.09547089,0.20654973
0.039009694,0.22387724,-0.04249261,0.41541046,-0.6009033,-0.034294065,0.4101241,-0.01778853,-0.03775716,-0.06994622
0.0559118,0.26929608,-0.0662723,-0.067364335,0.091246486,-0.25942162,0.04324949,-0.05399724,-0.06334795,0.09590439
0.04646293,-0.33292407,0.11337753,0.17951316,-0.24977809,-0.046933047,0.104186274,0.10027048,-0.0092060575,-0.07579752
0.03310217,0.16773273,0.50321555,-0.2175378,-0.47440553,-0.120162986,-0.04226918,0.06480086,0.07880021,-0.0709935
0.10557455,-0.15230478,0.3430597,-0.106886044,0.6342324,-0.05763257,0.20132837,0.06769784,-0.2938062,-0.49862945
-0.029018575,-0.11578815,0.059863396,-0.31917512,0.023170577,-0.121613555,-0.18050626,0.037016112,0.16505292,-0.3533995
0.083551176,0.13857208,-0.04829121,0.02524261,-0.21116462,-0.012970478,-0.18967342,0.028162587,0.012234861,0.7412738
-0.03587739,0.1061234,-0.01082138,-0.07781592,0.03381708,-0.26029322,-0.122739404,-0.0029605697,0.11957175,-0.022582766
0.027077468,0.34031188,0.26261643,0.14985295,0.47998887,0.11079828,-0.4273492,0.087235495,0.15810819,-0.0006335496
-0.10771263,0.2720345,-0.2957306,-0.5523067,0.039006103,0.24418841,0.16359922,-0.049550276,0.16600928,-0.04973577
-0.19189326,0.018685827,-0.06790213,-0.16818652,0.051762853,-0.8376709,-0.24034362,0.16759826,-0.4326491,0.17666052
0.07628157,-0.017608156,0.35598445,-0.094345696,0.06262592,0.03339245,-0.21005568,0.090612754,-0.11568553,-0.2865108
-0.15143907,-0.29887116,-0.3164664,-0.031438142,-0.14374952,0.049798284,0.05051005,0.15103155,-0.47667295,0.3118808
0.094030015,-0.08911723,-0.08301331,0.102566205,-0.13930334,0.16382933,0.020991292,0.020671252,-0.07324994,0.04049328
0.043994367,-0.23539664,0.5147986,0.15062667,-0.2560703,0.15582874,-0.13993788,0.25119445,0.0023702017,-0.04428386
-0.16680843,-0.15319616,0.0060559926,-0.027639808,0.69946337,-0.051074356,0.29698244,0.039571874,0.37024015,0.057919074
-0.024836987,0.10377276,-0.06259332,-0.064396486,0.079245426,-0.364523,0.31788597,-0.08259765,0.23190019,-0.078256406
-0.07002723,0.060919717,0.24367441,-0.29161835,-0.1124875,-0.06371752,-0.03423076,0.25906646,-0.20621364,-0.2174271
-0.45134333,0.13513453,0.28535858,0.567244,0.26251915,0.0684018,-0.07326811,-0.11268393,-0.11148502,0.112404145
-0.0021928356,0.07456115,-0.38544697,-0.17256191,-0.7832984,0.07763694,-0.54421073,-0.1927387,0.0042166105,0.04121801
-0.47510892,-0.11396578,0.24659266,0.5626217,0.12941897,0.21286882,-0.16271693,0.038003355,-0.040612493,0.08616893
-0.4055927,-0.011810329,-0.39534092,0.034353185,0.11622815,-0.12722825,0.10285358,-0.046675794,0.34756038,-0.10742367
0.06437721,-0.0013238884,0.14808178,0.14827219,0.0038898806,-0.066191584,-0.30883905,-0.036467426,0.0701867,-0.11486307
-0.018619014,-0.18224926,0.028248157,-0.14909925,-0.008862293,0.032801487,0.21982916,-0.19105358,-0.0006252589,0.05275935
0.097581334,0.11282018,0.010309501,0.18407726,0.13005927,-0.6325572,-0.08800383,-0.15595873,-0.034964964,0.07517336
0.38503188,0.02175217,-0.34607458,-0.06781493,0.07591932,0.10761254,-0.110333934,0.08594495,0.119938836,-0.39418015
-0.16665079,0.07822494,0.43962696,-0.19083032,0.27577388,-0.23043223,-0.00039864864,0.16138355,-0.14310423,0.17588693
0.07518709,-0.058675766,0.09752199,-0.25995517,-0.059021454,-0.17952481,-0.10827447,-0.15711068,0.32864037,-0.30401006
-0.31475523,0.3830153,-0.13830695,-0.026080843,-0.12672012,0.060984794,0.11156083,0.15707518,0.2083696,0.03539259
0.21685514,-0.010753103,0.35775188,-0.08070821,-0.102211595,0.06793928,-0.052681636,-0.0014603008,-0.16554427,-0.13561994
0.15339763,0.1123841,-0.10319733,0.0994562,-0.035866514,-0.017114896,-0.09808053,-0.23419647,-0.03018285,-0.16358308
-0.07291157,-0.032142047,-0.036869526,-0.04193053,0.0045856875,0.030011656,-0.082199514,-0.15048718,0.25158903,-0.24253812
-0.2579731,-0.21723902,-0.2673456,-0.12212646,0.1355148,0.35085118,0.102744274,-0.15398236,-0.0066759274,-0.16091868
0.042808384,-0.27958158,0.037128974,0.2359965,-0.059852347,-0.08569868,0.03300685,-0.16694357,0.03638128,-0.15435958
-0.413422,0.046850894,-0.15871456,0.71077347,0.30801457,-0.038500525,-0.022355745,0.011380907,0.11216159,-0.22055003
0.006754072,-0.068876475,-0.31840682,-0.035327062,0.14085145,0.14751746,0.21566164,-0.015071625,0.11210981,0.19099177
-0.07202817,-0.0021689006,0.29070762,0.4172099,0.47544625,0.10177325,0.51668763,0.7555537,-0.25179905,0.13715875
0.020187305,0.17208712,-0.025382753,0.07893626,-0.17162614,0.02806874,-0.05724199,-0.23284844,-0.02256859,-0.07688183
0.12842642,-0.093775526,-0.025318317,0.5380811,0.032855753,0.08605446,-0.30405796,-0.15272309,0.31484634,-0.10652799
-0.34665737,-0.03333526,-0.013717393,-0.20195617,-0.24414988,0.05247159,0.071731634,0.4053833,0.0012191687,0.09664403
-0.3561604,-0.43777004,0.08280516,-0.0135029275,0.53829813,0.053611115,0.2676869,-0.21374735,0.01256202,-0.1503348
0.024755687,0.12645881,-0.14940234,0.016645055,0.4597561,0.15127821,0.16146624,0.29010022,0.14530315,0.0869487
0.1813468,0.11618691,0.04236844,0.15141965,-0.40930825,-0.046757463,-0.14826834,0.62420684,0.015023696,0.43605024
0.005571994,-0.19607349,-0.16198123,-0.17302269,0.0756522,0.00024631553,0.3427862,0.2854154,0.16153802,0.2386409
-0.10419988,-0.15624937,-0.08980187,-0.15853526,0.061815683,-0.041964326,-0.13750203,-0.050485633,-0.07998751,0.0048083034
-0.18070999,-0.1778602,0.122528024,0.085869655,0.016130451,0.2866402,-0.407239,-0.21035294,0.20081933,0.02117721
0.06655451,-0.09798716,0.086079754,-0.0026592738,0.1934024,0.099769786,-0.0008078709,0.38529992,-0.11487703,0.21040767
-0.34996814,0.14111073,-0.26489025,0.032640498,-0.014048335,0.18472676,-0.058756668,-0.089902654,0.119769424,0.054846685
-0.23475392,-0.033546582,0.06634691,-0.060631923,0.098813675,-0.28095207,-0.15989716,-0.017382693,-0.1176588,-0.16174111
0.046722174,-0.1868914,0.30290836,-0.009099807,-0.18485019,-0.03783524,0.083123624,0.16696429,-0.07701695,-0.009541362
-0.010226446,0.29493,0.04739947,-0.07931918,-0.0032123986,0.0719134,-0.39141676,0.04999114,-0.1606297,-0.048998144
-0.04935112,-0.18627387,-0.29741147,0.1324678,-0.16270584,0.09929386,-0.06231354,-0.057174373,-0.17562011,-0.05563273
-0.14229034,-0.05363899,-0.14133355,0.08306996,0.13034223,-0.22936036,0.0051875855,0.066441916,0.12453297,0.037426893
-0.22881415,-0.1524159,0.05440307,-0.14099966,0.1522721,0.02416434,-0.22328977,0.028173635,-0.11239648,-0.1522991
0.13278915,0.07291274,-0.08725125,0.12650782,-0.04880313,-0.21829145,-0.13764964,0.04599889,0.088587455,0.047956537
0.09174847,-0.031465072,-0.14830697,0.07286735,0.04987983,-0.45304272,0.1151945,-0.10776771,0.33897462,0.060349893
0.04825669,-0.043216743,-0.107057296,0.5906802,-0.1991808,0.07757233,-0.17828526,-0.40932995,0.024645677,-0.018603014
0.03440601,-0.21963717,-0.27544743,-0.10458644,0.09308448,-0.19199131,-0.13512379,0.08683388,-0.10857436,0.034383778
-0.12689121,-0.0677508,-0.0028772494,0.21854925,-0.11370261,-0.009180051,-0.30679747,0.09982125,0.045022048,-0.09018815
0.42884144,-0.08323523,0.12115217,0.54970014,-0.1916848,0.47708222,-0.15402673,-0.045827806,0.17494866,-0.22848298
0.37408853,0.33664238,0.14351909,-0.13413744,0.0012239349,0.015762955,0.072586425,-0.17893086,0.21353829,0.24295388
-0.084917754,-0.20208019,0.17382567,0.15253338,0.07287478,0.15656058,0.16021942,-0.20800543,0.11420936,0.18744697
-0.11688544,0.1857574,-0.044761963,0.08924959,0.06038976,-0.09936105,-0.13423854,0.16109249,0.093559936,-0.08034389
-0.29247722,0.10902813,-0.09642348,0.078752294,-0.11084353,0.005648485,0.12946884,-0.07063994,-0.19547431,0.53602314
0.0497944,-0.10743979,0.16843706,-0.18251084,-0.23163205,-0.07021231,-0.1195926,-0.068157196,0.0378125,-0.010122216
0.12453177,-0.262587,-0.0132797165,0.1620477,-0.121930696,0.009171609,-0.13213325,0.075312056,-0.15734607,-0.087611586
0.052361228,0.077482514,0.067941,-0.32221943,-0.08072942,-0.1673292,0.2507574,-0.08046619,0.0846436,0.009324852
-0.15881285,0.14564839,-0.18293405,0.19046691,-0.30642083,-0.11316718,0.05121688,-0.08881256,-0.018584765,-0.06857663
-0.19120076,-0.0016139202,-0.00088230346,-0.18698774,0.33064774,0.6242248,-0.09100459,-0.15291767,0.29030338,0.047633126
0.05120331,-0.44063517,0.2384505,-0.2088592,0.106526576,-0.6184183,-0.22534005,0.028844919,-0.15352145,-0.0030170577
0.023580011,0.09988806,0.41577592,-0.12565318,-0.035701122,-0.24102658,0.025531057,0.06958091,-0.008783201,-0.17980036
-0.057854038,0.0048151272,-0.013499842,0.32585394,0.09424545,-0.15517701,-0.053159747,-0.040770415,-0.062309563,0.005497903
-0.00040183243,-0.027285783,0.0773532,-0.01618127,0.013516334,-0.08037096,-0.16649768,-0.17067564,0.1417088,0.8313692
-0.08068549,0.22792915,-0.09512404,-0.25134006,-0.026058972,0.11908641,-0.023429727,-0.035997618,0.07832844,0.04216408
0.037064124,0.4237131,-0.030100845,-0.08758786,0.06415007,0.34725004,0.3004575,-0.012594574,0.16817527,-0.0687854
0.060673077,-0.21321125,-0.19133116,0.09537382,-0.11829427,0.1903576,-0.25905505,0.25088692,-0.06555347,0.072541915
0.0022186094,0.07147008,0.05185764,0.17202912,0.21459754,0.121804364,0.004098183,-0.25577006,0.11668538,-0.007100266
0.35812426,0.14530237,-0.07818698,0.002340633,0.006194475,0.33906874,-0.24179697,-0.00333005,0.12158811,0.0011067339
-0.09393696,0.029290285,-0.33917996,0.01871427,-0.411258,0.2844809,-0.21106486,-0.14443563,-0.039859522,0.12201507
0.13082516,-1.0365719,-0.02177375,-0.116264634,-0.14483976,0.027039543,0.0849673,-0.27301884,-0.0222745,-0.039172396
-0.00014767276,0.111942165,0.06344942,-0.11625433,0.12737598,0.47658676,0.12878016,0.34278283,0.102228686,-0.33141947
-0.017489497,-0.046229944,-0.19467586,0.2939479,0.03803672,-0.0539435,-0.08651117,-0.011913943,0.048935555,-0.17384666
0.012060938,-0.2879403,0.14354977,-0.2164668,0.015558846,-0.0036925916,0.30004752,-0.19470204,0.22860046,0.09415029
0.07391241,-0.0077584777,0.13973296,-0.3200461,-0.18458638,0.10101145,-0.19135855,0.00049487496,0.33445424,0.083266795
-0.17746632,0.15049699,0.20438038,0.13167289,0.055687804,0.057042725,0.2343041,0.54715204,-0.18167843,0.33496356
0.07331749,-0.16611761,-0.0048466087,-0.035895117,0.03625561,-0.07356902,0.19054878,-0.036715157,0.060710154,-0.20517127
0.041292768,-0.21705334,0.11857867,-0.06306606,0.12584467,0.09786261,0.26563904,-0.1676871,-0.051177997,-0.13254984
-0.046166435,-0.18160981,0.20143074,0.06421069,0.0670608,-0.061817296,0.005834196,0.21603082,-0.18951143,-0.11998696
-0.04042328,0.003147723,-0.22287947,-0.06663939,0.04125427,0.06381212,0.22800022,-0.06233122,0.11046709,0.1138514
-0.122413054,0.004853076,0.13788259,0.22030449,0.27829802,0.2130544,0.07117767,0.08701905,0.017228859,-0.11814242
0.62141067,-0.014307861,0.28206062,0.31701922,-0.31320512,0.13267747,0.10065938,-0.15898499,0.20118034,-0.5521782
0.06235867,0.0068887672,0.01911672,0.060121458,0.0641374,0.5420111,0.10896499,-0.21723306,0.14312094,-0.07032407
-0.533111,0.11492467,0.3043549,-0.3943328,0.11441809,0.1573729,0.22065932,-0.70964926,0.02925133,-0.08888856
-0.0378265,0.28540373,-0.18505156,-0.084448084,0.11896724,-0.4650799,0.07262297,-0.050941918,-0.02626191,0.047806673
0.08860703,0.22033776,-0.31942034,-0.03851892,-0.066198066,0.4504007,0.07993226,-0.3524548,-0.5035474,-0.14041658
-0.043951325,-0.13996667,-0.15717043,0.04629099,-0.23225264,-0.26090252,0.045064118,-0.28861907,0.129927,0.069169834
0.2232651,-0.010462706,0.007063927,0.41146976,0.037736762,0.03825657,0.09327838,0.09673316,-0.11165643,-0.012430232
0.025145182,0.025290154,0.04044186,-0.16406682,0.279628,0.06865307,-0.016423233,-0.023547139,0.0023144325,-0.19899485
0.1491006,0.029358268,-0.17790417,0.14297393,-0.23979366,-0.2977149,-0.29453313,-0.0324335,0.066035144,0.15110278
-0.3024929,0.13270721,-0.19549868,-0.27321446,-0.046450973,-0.2906114,-0.020115176,-0.3319354,0.15452541,0.1662525
-0.014214093,-0.059649926,-0.051647596,-0.13156493,-0.05189779,0.06928355,0.21126196,0.08203814,0.21077172,-0.14759707
0.1441529,-0.39206892,-0.5996815,-0.2513753,-0.0029813708,-0.29895136,0.112895034,-0.038495615,-0.01068556,-0.147225
-0.2385843,-0.13073163,0.12641239,-0.26237857,0.39187258,0.41249278,-0.08551204,0.017197296,-0.004098702,-0.029649844
-0.17758398,0.22436841,0.08018498,-0.024972146,0.04013771,-0.3198979,0.057001214,-0.19415008,-0.004416069,0.06332628
0.19521096,0.2065901,0.020963008,-0.1675262,0.5470433,0.11151359,0.16830888,0.20305283,-0.012542137,-0.0941147
0.21166703,0.0943098,0.30755085,-0.34231943,0.6984435,-0.011171059,-0.006487719,-0.04660885,-0.1143315,-0.09712294
0.2848477,0.12254725,-0.017386151,-0.09423223,-0.27143562,-0.17005882,0.23400386,-0.19691315,-0.094584115,0.0820259
0.17052671,0.03797632,-0.113102965,-0.00086139044,-0.018798973,-0.023347676,-0.019140188,-0.21007426,0.23227805,0.22186169
0.16631581,0.027180135,-0.15366846,-0.04310392,0.2513376,-0.13234654,0.107688904,0.09358899,-0.113891326,-0.43834972
-0.048469044,0.034193423,0.35087946,-0.026095867,-0.3856118,-0.27801841,0.08307075,0.22585101,0.72178406,-0.082273625
-0.4428033,-0.20301777,-0.23736343,0.107700005,-0.14326972,0.0042638206,-0.37579355,0.10252589,0.013481598,0.22400527
0.17235702,-0.081411414,-0.14783415,-0.10946127,0.24838547,0.100943185,-0.30679867,0.024736762,0.027545445,-0.07880682
0.22023897,0.029548615,-0.1309944,-0.11805472,-0.042886812,-0.25522828,-0.30125207,0.05859828,0.12281014,-0.012848439
0.15690312,0.10544322,-0.24279286,0.1709994,0.27884814,-0.51621675,0.10418536,-0.16079329,-0.36323002,0.039031103
0.49613592,-0.2279231,0.094772354,0.074128896,0.022417866,0.24062257,0.16532968,-0.07771702,0.10061851,0.09234978
-0.059707806,0.42355162,0.11602142,-0.034095377,0.0033091223,0.14439017,-0.1318976,-0.08934025,0.1037925,0.24629033
-0.15310872,-0.34245652,0.22871794,0.018495435,0.08273756,-0.05982389,0.0057617584,-0.043110594,-0.13095775,-0.14288287
0.023333667,-0.14724158,-0.113875695,0.08927032,-0.15031196,-0.005633458,0.06608314,0.121436164,0.1229102,-0.44442105
-0.061103735,-0.0070596477,0.29507908,0.01408108,0.113263994,-0.25432506,-0.012616902,0.05734998,0.225297,-0.22941394
0.33287022,-0.10824466,-0.011093348,0.31954744,-0.005042258,-0.01563322,0.05542747,0.07961231,0.13516468,-0.13020545
-0.03532189,0.2859046,0.120760046,-0.22421889,0.12563236,0.09931251,0.4944508,-0.076442905,-0.07065465,-0.1191704
-0.0692101,-0.0433472,-0.0074383286,0.25033605,-0.1323321,0.25802124,0.17696866,0.10302509,-0.3146199,0.029194858
-0.0016324263,-0.15223844,0.06437366,0.013843664,-0.03817746,-0.12992229,0.27798507,-0.0028897275,0.31751823,0.5086625
-0.14950196,0.026386658,-0.12928224,-0.15243942,0.03991773,0.23823205,0.11636213,-0.2815335,-0.25680086,0.26936048
0.20100775,-0.8662114,0.109288305,0.2747083,0.25425977,0.13166675,0.06798281,0.18110615,-0.28378838,-0.27970004
-0.09349956,0.08719678,-0.28112087,-0.19251,-0.18297286,0.24726804,0.30157924,0.015095398,-0.0894411,-0.058167804
-0.074104786,0.05783683,0.098021165,-0.076073036,-0.018915582,0.13757375,-0.23977803,-0.21838123,-0.010632222,0.26647982
-0.06982372,-0.074258454,-0.22747508,-0.26764387,0.011643804,0.10887192,0.16567437,-0.0065330565,-0.5198829,-0.11844251
0.3126334,0.107900605,-0.21669465,0.10900949,0.048198964,0.012586131,0.12891036,-0.09423409,-0.19109215,0.08207421
-0.039560273,0.20464206,-0.040787842,0.21551867,-0.21998408,0.024783889,1.107739,0.069657214,0.28342995,-0.014152213
0.4433427,-0.10061329,-0.07328217,-0.17418721,-0.045413066,-0.026018033,0.024012327,0.09747284,0.029181473,-0.0005385224
-0.14602642,-0.08177726,0.020316742,0.15982191,0.11359343,-0.2212519,-0.0421377,0.6135948,-0.13407815,0.11688082
0.059671048,0.2580535,-0.3105552,0.11955231,-0.10578001,-0.06728926,-0.21683972,-0.1696955,-0.17513905,0.10138354
-0.24894594,-0.12793918,0.06966148,-0.20206772,-0.0014010612,0.19657476,-0.74809957,0.4465806,0.29011607,-0.3066099
0.00972714,-0.010432563,-0.07271457,0.02668954,-0.18846376,-0.050365314,-0.04922658,-0.18962333,0.06581958,-0.9072511
0.19355372,0.12513283,0.12145329,0.11609411,-0.030443326,0.052630216,-0.2615225,0.610117,-0.019236395,-0.040696993
0.19388029,0.23622069,-0.22426715,0.16976771,0.042905953,-0.013833435,-0.18153383,-0.028805422,-0.06466445,0.082032636
-0.035879105,0.15203178,0.00028711546,-0.11917439,0.4301087,-0.108425386,0.19842735,0.06759412,-0.07698706,-0.17278628
0.048000425,-0.06116608,0.06808279,0.08868474,-0.32459328,-0.39630085,-0.021309128,0.22177851,-0.08699675,-0.28583667
-0.024143752,0.058059566,0.30225468,-0.27689907,0.20361346,-0.10801818,0.28944063,-0.025412522,0.009663702,-0.09147701
0.032864586,-0.03642855,0.19740205,-0.19142997,0.3172415,-0.050106473,0.059144173,0.45553583,0.25563598,0.055775315
-0.21553376,0.086240135,0.17257822,-0.11111427,-0.06841303,-0.0057906513,0.07765455,-0.16314209,0.12546724,-0.17708504
-0.06990503,-0.08434981,0.25587538,-0.10323293,0.1953027,0.018696476,0.42710885,-0.002164653,-0.017772354,-0.081168644
-0.32949764,0.24614778,0.03681834,-0.22292317,-1.3641585,0.11814677,-0.2956884,-0.07719088,0.016772266,0.17112985
-0.2810039,0.33759728,-0.021810522,-0.13715738,0.33527097,0.10295834,0.21776032,-0.40081772,-0.060059067,0.081060596
-0.36584777,-0.014993807,0.1035118,0.0303194,0.014557415,0.06726428,0.06539066,-0.030731242,0.3106947,-0.10936125
0.15260962,0.004740284,-0.23661079,0.13602126,-0.10457172,0.14722377,0.11824995,-0.059594974,0.23741719,0.10818737
0.16990608,0.029937059,0.037916817,0.51498026,0.202536,-0.00692939,0.1447145,-0.08517296,-0.16414316,0.0033736916
-0.037138928,-0.011321586,-0.25503963,-0.0088094715,-0.016388535,-0.159082,0.007212638,-0.019228257,-0.5409974,0.031577334
-0.1525857,-0.07052296,-0.021765929,0.22161166,0.033774804,-0.34502915,0.035077006,0.03530278,-0.05044999,-0.19696075
-0.15576416,0.19037373,0.3512785,-0.14946066,-0.038722586,0.0708261,0.13630529,-0.39407706,-0.06143944,0.30391312
0.026864111,0.057798952,-0.16637962,0.024742858,-0.20244947,-0.050152045,0.20622128,0.016525561,-0.0028456904,0.67977893
0.0893379,0.3786155,0.016623314,-0.17603649,0.1518844,-0.052623488,-0.20062613,0.22477868,0.08773235,-0.07481351
0.16083153,-0.009068017,-0.10039865,0.0036456755,0.14061785,0.026941169,-0.108438395,0.10318896,-0.14698413,-0.2770974
-0.09452434,0.26413292,0.2667858,0.27800655,-0.11726866,-0.004743945,0.25271365,-0.089239635,0.049574625,-0.024452263
-0.1455149,0.009197467,0.04301437,-0.3842217,0.15900387,-0.06068524,-0.1650617,0.048070755,-0.62707955,-0.05081671
0.005126159,-0.19552797,0.04880258,-0.31215173,-0.3813746,0.027979137,-0.19284375,-0.017413396,-1.2578189,-0.038635932
0.23000191,0.18101737,-0.17059395,-0.23047197,0.24557547,-0.050441712,-0.034319844,-0.5497918,0.042690467,-0.09582504
0.11021963,-0.40585166,0.0057684863,0.028253645,-0.07879174,0.3002627,0.35739237,-0.11290466,0.076939285,-0.051089097
0.07705229,0.07284597,0.10552291,0.07667888,-0.124655396,0.331409,-0.01901604,0.042020958,-0.06789281,0.48302737
0.045978833,-0.08178175,0.039561156,0.24782111,0.14864945,-0.12785536,0.013150164,-0.11715207,-0.27056694,-0.0666228
-0.12308382,-0.066190384,-0.03460377,0.07820561,-0.18182701,-0.054697677,0.06098138,-0.29039103,-0.31513375,-0.004624164
0.023647806,-0.029613266,-0.39368466,-0.107137755,-0.019379508,-0.09178033,0.2288757,0.15998296,-0.30655876,0.1157305
-0.078533165,0.24155885,0.082756996,0.18172166,-0.70785755,-0.08457503,-0.2542102,-0.28709322,-0.052250378,-0.056982934
-0.024031905,-0.35485318,0.1271258,-0.27018487,0.028293928,-0.118311964,-0.051691875,0.12679613,0.15388969,-0.0880743
0.37176138,0.5265684,-0.301748,0.017275348,0.04781191,0.11732373,0.088228144,-0.14266846,-0.23822148,-0.04809835
-0.39422125,0.12408856,-0.17132418,-0.041949444,-0.051173817,-0.55674505,-0.35319334,-0.013709315,-0.15994442,0.08686924
-0.005821478,0.2765103,0.07297674,-0.07610378,-0.30021694,-0.03836403,0.024413629,0.4983973,-0.0059354817,-0.21749896
-0.01138115,-0.026484841,0.11908351,-0.5375544,0.102336876,0.17165081,0.19847599,0.36721185,0.25449133,-0.81453246
0.018546076,0.42927793,0.18409234,-0.24936846,0.12227236,-0.057167113,-0.07920696,-0.04672279,0.0140383905,-0.024777884
-0.3072377,-0.09195494,-0.13493648,-0.12332283,-0.24877532,0.009550494,-0.21117851,0.19685806,0.2214603,0.010810822
0.05053535,-0.2047525,0.020806996,0.048257127,0.31736842,0.021966647,-0.0806309,0.039451115,0.044241954,0.26024342
0.030077156,-0.15708287,0.1160624,-0.8149946,0.028572993,-0.17177744,-0.12105264,-0.08920862,0.077602096,-0.08096909
-0.1537663,-0.05702426,0.30580968,-0.14946498,0.7727031,0.038935784,-0.0772167,-0.18879414,0.100623645,-0.08096116
0.36127746,-0.003162941,-0.2978179,-0.1962451,-0.07273931,0.47107723,1.0104141,-0.024300784,0.112017296,-0.23952496
-0.040923875,0.19537863,0.14524561,0.13164845,0.08895829,-0.0884445,-0.30959648,-0.015135571,0.34536067,-0.3487908
0.3107686,-0.102602884,0.18531805,-0.2628018,-0.27836362,-0.28767526,-0.1981538,-0.116864525,0.16538237,-0.03098946
0.03398152,0.16733281,-0.17509753,-0.070085704,-0.37226146,0.218308,-0.21126723,-0.10598238,0.11532617,0.16070685
0.017010447,-0.042664956,0.18586943,0.08698054,-0.32099104,-0.44778627,-0.19136967,0.024673171,-0.005864711,-0.042222954
0.1891134,-0.024944527,0.18447864,0.24482188,0.05187131,0.058995206,-0.052970286,-0.07377382,-0.16399002,0.07313684
0.16974317,0.046550423,-0.16091338,-0.020277334,-0.1138419,-0.08453408,-0.057933845,-0.27843475,0.06399826,0.32184392
0.0037455703,-0.01074924,-0.53191984,0.09513086,0.2784892,0.2638128,0.43538964,0.47429183,-0.3395107,0.2177504
0.055458836,0.18267377,-0.06716844,0.26938885,0.24833123,-0.14481199,-0.5171087,0.09419667,-0.08498006,0.1634618
-0.05447493,-0.11857313,0.314432,0.39022493,0.109218925,-0.051128265,-0.21038856,0.38225845,0.08591966,0.12877245
0.14643504,-0.46768397,0.5374234,-0.351204,0.07430494,-0.24163277,-0.08048297,0.07856135,0.117604576,-0.08381672
-1.0871058,-0.12951648,0.31563342,0.22588405,-0.17664832,0.015993252,-0.047450174,0.070421375,-0.11153313,-0.32039118
-0.14324772,-0.35281762,-0.3444509,-0.09181834,0.044289798,0.16374956,0.029096384,0.11885152,0.14830267,-0.10120077
-0.08612873,0.20943838,0.06409436,-0.041419003,-0.14631541,-0.109081306,0.10508101,0.09459246,0.15331517,-0.06979715
-0.4062203,0.20711772,0.0009982233,-0.10298591,-0.040565573,-0.05749534,-0.1811613,0.013609655,0.25971434,0.07465067
-0.119679436,-0.34223583,-0.31466252,0.05614936,-0.17550161,0.1434824,0.008333971,-0.32432026,0.07060101,-0.0013234726
0.5261393,0.10072598,-0.4473404,-0.047565337,0.21480648,0.15468925,0.13506028,0.10407906,0.08846865,0.09737653
-0.17593685,0.91788024,-0.16345283,-0.04644006,0.10651831,0.36469227,0.026292413,-0.07738725,0.20773573,0.05340134
-0.22588971,-0.25181955,0.023025688,0.037868246,0.11612286,0.13165143,0.7998887,0.009621502,0.25414917,-0.11126512
0.025207805,-0.12930822,0.018401375,0.34007126,-0.029433802,-0.22662829,-0.597042,-0.17813402,-0.07614315,0.26943785
0.5417029,0.067370065,-0.21602312,0.0038719464,-0.030585578,-0.3001741,-0.16510226,-0.19432425,-0.1030084,-0.33107415
0.07757891,-0.15139705,0.06475845,0.23182914,-0.03594123,0.21412753,-0.24712661,-0.31231806,-0.0005752052,-0.039703034
-0.113545515,-0.090292335,-0.036997836,0.13582785,-0.0029950137,-0.24132164,0.14241388,0.11388694,0.0060067438,-0.1106049
-0.20204774,-0.067700095,0.09527829,-0.021375423,0.12905233,-0.04163245,0.12369134,-0.119203985,-0.19868343,0.111335434
0.20781626,-0.31482202,0.020797715,-0.15831953,-0.031314023,0.31114137,-0.000575777,0.037321895,-0.032091238,0.1951785
-0.12705147,0.25093484,-0.08140434,0.14504749,-0.17483301,-0.1124574,-0.3207775,-0.20619018,0.099291936,-0.20256813
1.0624402,0.08995837,0.011724914,0.057735313,-0.009913057,0.028204152,-0.16429195,-0.11744329,0.3722084,-0.03846916
0.055847425,-0.19926228,-0.013595818,0.07492985,-0.20206775,0.24763335,0.04156134,-0.2300256,0.15989691,0.061660603
-0.46240053,0.19866326,0.14419043,0.058791734,0.06614017,-0.0069748233,0.046828967,0.41542488,0.012812738,0.24254106
0.3071876,0.3579457,-0.07112515,0.21619228,0.19231553,-0.17065555,-0.02338723,0.15292415,-0.12511054,0.105881765
-0.00038879632,-0.021424266,0.08251232,-0.23919502,-0.21318847,0.21430284,-0.083973214,-0.008070828,0.47773087,-0.0024162615
-0.23956226,-0.23162925,-0.05197641,-0.034947243,-0.18067561,-0.08443503,0.14518124,0.12531099,-0.3200747,-0.3808713
-0.061056178,0.07611682,-0.1968563,-0.11315766,0.2567696,-0.1284765,0.1769973,0.16291712,-0.030761758,-0.02416289
-0.1453464,-0.31964043,-0.18367568,0.20292191,-0.042111237,-0.055834204,0.19672363,-0.030017372,0.32695332,0.27774802
0.32504988,0.0427867,0.34033138,0.0629247,0.18236709,-0.17607099,-0.046489697,0.048585944,-0.035708375,0.25676426
-0.15033129,0.35610464,-0.032286238,0.056916647,0.2569291,-0.123051114,0.07210422,0.012132092,0.06905378,-0.08885321
-0.16911319,0.3024345,-0.16235308,0.15193674,0.06389729,-0.10672183,-0.00812981,0.07393424,-0.13303192,-0.14403494
0.07487784,-0.20239124,0.06774849,-0.030130275,-0.113115236,0.22169794,0.21830013,-0.26640615,0.046338063,0.037570972
0.06562333,-0.15986608,-0.008697845,-0.15477064,-0.29326525,0.11733965,-0.05760356,0.18994679,-0.016966514,0.1107065
0.1209238,-0.07557803,-0.27307272,-0.10838664,-0.19412024,0.3644525,0.29803637,0.09928433,0.0019972252,0.06983608
-0.07780465,-0.022341311,0.21420616,-0.13690726,-0.13981183,-0.166807,-0.42148292,0.40446162,-0.20944127,0.22711165
-0.31941488,-0.14709835,-0.042605583,-0.089044034,-0.17413346,0.10234559,-0.23056424,-0.19604132,-0.018924775,0.10739039
-0.10544486,0.36306506,-0.13081342,-0.27750996,-0.11904215,0.042045068,0.19750936,0.12586035,0.35582313,-0.1480347
-0.0063849296,0.455355,0.15911077,-0.1574434,-0.06937129,0.033847176,-0.20387237,-0.10203135,-0.23822922,0.07934396
0.107874975,0.056669045,-0.0033848195,0.1778856,0.072625816,-0.12788598,-0.19538438,0.07407857,-0.065719396,-0.0064553297
0.14370815,0.018015696,0.01564888,-0.26426452,0.234717,0.4357504,-0.00068372453,0.11317598,-0.20825465,0.3663436
0.23472226,-0.8823603,0.09885336,0.37347445,0.17214587,-0.048776142,0.083576016,-0.10846282,0.030824749,0.28913677
-0.0023647388,-0.25627565,-0.06129853,0.1035595,-0.1636766,-0.06638255,-0.030332403,-0.019715557,-0.18449207,0.20381072
-0.4864036,-0.21660917,-0.07874085,-0.1759805,-0.01367581,-0.03608335,-0.019166863,0.05242099,0.39516655,0.04952196
0.15681425,0.097495385,0.07424898,-0.1894884,0.10815951,-0.017172107,-0.2288569,0.2492116,0.008804618,0.18105555
0.068777286,-0.07842724,-0.33287805,0.045204945,-0.07813926,0.13439864,-0.15267786,0.010389908,0.19071588,0.08400118
-0.3969351,0.14405924,0.25187564,-0.040835597,0.4453412,-0.049821947,0.10627428,-0.11615532,0.08117024,0.008278596
0.11778843,0.027221635,0.32198665,0.032095574,-0.029651212,-0.016857602,-0.24755448,-0.3161963,0.0059015322,0.19224244
0.010537272,-0.19189446,0.13483074,-0.009330235,0.084856525,0.10623956,0.022946617,-0.04791228,0.03389314,0.2442878
-0.06301455,0.0054217954,0.06915326,0.06727659,-0.059709974,-0.06362032,-0.10817686,-0.025678659,-0.1654789,0.30240452
0.021734033,-0.32164618,-0.022924162,0.212418,-0.026622279,-0.12132814,-0.016688254,0.11760676,-0.058576584,0.03568262
-0.13610893,-0.069979735,0.06308942,0.08489447,0.22077541,0.032099877,0.008016287,0.09109505,-0.0035509348,0.07966762
-0.15937434,0.2869375,-0.09250539,0.026371539,-0.12121988,-0.19662769,6.968495e-05,-0.16075628,0.10423357,0.14185622
0.05637656,0.13731089,0.1424066,0.21097891,0.15812276,-0.20799829,-0.035950772,0.016497102,0.21953861,0.07319587
0.17757186,-0.35074612,-0.08157454,-0.3078511,0.08575912,-0.05195761,0.086567745,0.2339782,0.051752195,0.12505808
0.01744489,0.29993376,0.52016115,0.19476075,0.0738409,-0.0594907,0.19926454,-0.16718912,0.18329085,-0.26415467
0.22409484,0.1083551,-0.08674942,-0.05737552,0.0013262078,0.20714863,-0.07822355,0.01215237,0.10481181,-0.0018721438
-0.0631574,0.015137817,0.026500767,0.06303369,-0.051981665,-0.051932197,-0.1936169,-0.059332263,-0.05607237,0.25704488
0.00026378265,-0.14779006,0.6915279,0.04107407,-0.31268907,0.20608972,0.21560706,-0.34549677,-1.0420054,0.1693945
-0.0001688024,-0.14669886,0.19075033,-0.25453582,0.14198926,0.01843243,0.18119217,-0.079372585,-0.011765842,-0.18505143
0.24228588,0.13197324,0.036275387,-0.016502356,0.003276146,0.22452936,0.075577304,-0.13810286,0.075573735,0.14299656
-0.04335341,-0.0939808,-0.13083564,-0.00519386,-0.089022055,-0.11895012,0.15526505,0.08913161,-0.15430643,0.09202086
0.010132948,-0.14346485,-0.016645472,-1.2127055,0.32215577,0.10401328,-0.15556628,0.07996135,0.19267133,0.13828032
